{
  "2 - Sign In" : {
    "transaction" : "2 - Sign In",
    "sampleCount" : 100,
    "errorCount" : 0,
    "errorPct" : 0.0,
    "meanResTime" : 353.37,
    "medianResTime" : 347.0,
    "minResTime" : 327.0,
    "maxResTime" : 447.0,
    "pct1ResTime" : 381.0,
    "pct2ResTime" : 397.84999999999997,
    "pct3ResTime" : 446.6499999999998,
    "throughput" : 1.674873547047198,
    "receivedKBytesPerSec" : 2.080098079548119,
    "sentKBytesPerSec" : 0.7877793898435668
  },
  "4 - Get Contact" : {
    "transaction" : "4 - Get Contact",
    "sampleCount" : 100,
    "errorCount" : 0,
    "errorPct" : 0.0,
    "meanResTime" : 341.8899999999999,
    "medianResTime" : 328.0,
    "minResTime" : 307.0,
    "maxResTime" : 498.0,
    "pct1ResTime" : 380.9,
    "pct2ResTime" : 407.95,
    "pct3ResTime" : 497.4899999999997,
    "throughput" : 1.6685020188874429,
    "receivedKBytesPerSec" : 1.74474148125438,
    "sentKBytesPerSec" : 0.8912798870424133
  },
  "6 - Update Partial Contact" : {
    "transaction" : "6 - Update Partial Contact",
    "sampleCount" : 100,
    "errorCount" : 0,
    "errorPct" : 0.0,
    "meanResTime" : 350.37000000000006,
    "medianResTime" : 337.5,
    "minResTime" : 320.0,
    "maxResTime" : 499.0,
    "pct1ResTime" : 383.8,
    "pct2ResTime" : 398.74999999999994,
    "pct3ResTime" : 498.2199999999996,
    "throughput" : 1.6712626389237069,
    "receivedKBytesPerSec" : 1.7465020995236902,
    "sentKBytesPerSec" : 1.0559637962730843
  },
  "E2E - Contact List App" : {
    "transaction" : "E2E - Contact List App",
    "sampleCount" : 100,
    "errorCount" : 0,
    "errorPct" : 0.0,
    "meanResTime" : 3879.0800000000004,
    "medianResTime" : 3806.0,
    "minResTime" : 3420.0,
    "maxResTime" : 4361.0,
    "pct1ResTime" : 4219.8,
    "pct2ResTime" : 4300.25,
    "pct3ResTime" : 4360.68,
    "throughput" : 1.5729948248470262,
    "receivedKBytesPerSec" : 12.671149210356598,
    "sentKBytesPerSec" : 7.70361926446762
  },
  "Total" : {
    "transaction" : "Total",
    "sampleCount" : 800,
    "errorCount" : 0,
    "errorPct" : 0.0,
    "meanResTime" : 484.8849999999998,
    "medianResTime" : 341.0,
    "minResTime" : 305.0,
    "maxResTime" : 1822.0,
    "pct1ResTime" : 1362.2999999999997,
    "pct2ResTime" : 1483.7499999999995,
    "pct3ResTime" : 1653.6200000000003,
    "throughput" : 12.583364791745312,
    "receivedKBytesPerSec" : 12.670551289008431,
    "sentKBytesPerSec" : 7.703255749024789
  },
  "5 - Update Contact" : {
    "transaction" : "5 - Update Contact",
    "sampleCount" : 100,
    "errorCount" : 0,
    "errorPct" : 0.0,
    "meanResTime" : 347.07000000000005,
    "medianResTime" : 332.0,
    "minResTime" : 314.0,
    "maxResTime" : 446.0,
    "pct1ResTime" : 386.70000000000005,
    "pct2ResTime" : 413.95,
    "pct3ResTime" : 445.70999999999987,
    "throughput" : 1.668752607425949,
    "receivedKBytesPerSec" : 1.7434879536921153,
    "sentKBytesPerSec" : 1.534372392574051
  },
  "1 - Sign Up" : {
    "transaction" : "1 - Sign Up",
    "sampleCount" : 100,
    "errorCount" : 0,
    "errorPct" : 0.0,
    "meanResTime" : 1458.5600000000002,
    "medianResTime" : 1461.0,
    "minResTime" : 1170.0,
    "maxResTime" : 1822.0,
    "pct1ResTime" : 1612.0,
    "pct2ResTime" : 1670.0,
    "pct3ResTime" : 1820.9199999999994,
    "throughput" : 1.641901321730564,
    "receivedKBytesPerSec" : 2.044022837821197,
    "sentKBytesPerSec" : 0.5874126457187423
  },
  "8 - Delete User" : {
    "transaction" : "8 - Delete User",
    "sampleCount" : 100,
    "errorCount" : 0,
    "errorPct" : 0.0,
    "meanResTime" : 341.07,
    "medianResTime" : 327.5,
    "minResTime" : 305.0,
    "maxResTime" : 415.0,
    "pct1ResTime" : 381.0,
    "pct2ResTime" : 398.29999999999984,
    "pct3ResTime" : 414.99,
    "throughput" : 1.667695078631823,
    "receivedKBytesPerSec" : 1.073708995547254,
    "sentKBytesPerSec" : 0.885963010523156
  },
  "3 - Add Contact" : {
    "transaction" : "3 - Add Contact",
    "sampleCount" : 100,
    "errorCount" : 0,
    "errorPct" : 0.0,
    "meanResTime" : 339.99999999999994,
    "medianResTime" : 328.5,
    "minResTime" : 307.0,
    "maxResTime" : 426.0,
    "pct1ResTime" : 380.0,
    "pct2ResTime" : 397.39999999999986,
    "pct3ResTime" : 425.93999999999994,
    "throughput" : 1.6735561394406975,
    "receivedKBytesPerSec" : 1.7582635756782086,
    "sentKBytesPerSec" : 1.4160344198199253
  },
  "7 - Delete Contact" : {
    "transaction" : "7 - Delete Contact",
    "sampleCount" : 100,
    "errorCount" : 0,
    "errorPct" : 0.0,
    "meanResTime" : 346.75,
    "medianResTime" : 329.0,
    "minResTime" : 308.0,
    "maxResTime" : 498.0,
    "pct1ResTime" : 386.8,
    "pct2ResTime" : 415.5499999999999,
    "pct3ResTime" : 497.46999999999974,
    "throughput" : 1.6702856188408217,
    "receivedKBytesPerSec" : 1.2337277643226991,
    "sentKBytesPerSec" : 1.0129368840821782
  }
}